Datetime,Temp,Umi,Vel_vento,Dir_vento,Precipitacao,Ori_vento
2000-12-28 12:00:00,38.5,48,2.5,298,0.0,NO
2000-12-28 11:00:00,37.2,58,2.2,260,0.0,O
2000-12-28 13:00:00,36.7,45,1.6,138,0.0,SE
2000-12-25 13:00:00,36.2,45,1.7,288,0.0,O
2000-12-24 13:00:00,36.1,49,1.3,270,0.0,O
2000-12-28 14:00:00,36.0,51,2.7,108,0.0,L
2000-02-23 15:00:00,35.5,79,2.7,94,0.1,L
2000-12-24 14:00:00,35.5,61,1.4,211,0.0,SO
2000-12-24 12:00:00,35.5,59,1.0,285,0.0,O
2000-12-25 12:00:00,35.1,51,0.8,168,0.0,S
2000-12-27 13:00:00,35.1,56,1.6,144,0.0,SE
2000-11-27 13:00:00,35.1,64,2.3,275,0.0,O
2000-12-28 10:00:00,35.1,68,1.7,290,0.0,O
2000-12-28 17:00:00,35.0,54,0.9,63,0.0,NE
2000-12-31 13:00:00,34.7,62,1.1,287,0.1,O
2000-09-19 13:00:00,34.6,63,1.9,301,0.0,NO
2000-12-31 14:00:00,34.5,56,1.7,286,2.0,O
2000-12-28 15:00:00,34.5,54,3.0,84,0.0,L
2000-12-21 13:00:00,34.5,68,2.8,298,0.0,NO
2000-08-30 16:00:00,34.2,62,0.6,300,0.0,NO
2000-12-27 14:00:00,34.2,59,2.9,112,0.0,L
2000-12-24 11:00:00,34.2,69,1.6,299,0.0,NO
2000-08-30 15:00:00,34.1,51,0.9,36,0.0,NE
2000-02-23 14:00:00,34.1,58,2.3,109,0.0,L
2000-12-25 11:00:00,34.0,58,1.4,309,0.0,NO
2000-08-30 14:00:00,34.0,49,1.2,281,0.0,O
2000-12-31 12:00:00,34.0,66,1.7,294,0.1,NO
2000-02-23 16:00:00,33.8,78,3.3,86,0.0,L
2000-01-27 13:00:00,33.8,51,2.9,258,0.1,O
2000-11-27 12:00:00,33.7,63,1.9,300,0.0,NO
2000-11-16 12:00:00,33.7,52,1.7,255,0.0,O
2000-12-27 12:00:00,33.7,66,1.4,339,0.0,N
2000-12-27 15:00:00,33.6,58,2.9,111,0.0,L
2000-12-20 15:00:00,33.5,79,3.3,278,0.2,O
2000-03-27 13:00:00,33.5,69,1.0,303,0.0,NO
2000-12-20 14:00:00,33.5,73,3.3,286,0.0,O
2000-01-27 12:00:00,33.2,55,4.0,299,0.0,NO
2000-12-20 13:00:00,33.1,59,2.1,289,0.0,O
2000-10-01 13:00:00,33.1,67,2.4,291,0.0,O
2000-11-16 13:00:00,33.0,55,1.8,140,0.0,SE
2000-01-27 14:00:00,32.7,57,3.6,204,0.1,SO
2000-12-28 09:00:00,32.7,76,1.1,297,0.0,NO
2000-03-27 14:00:00,32.7,62,2.8,104,0.0,L
2000-02-23 13:00:00,32.7,63,1.6,97,0.0,L
2000-10-01 14:00:00,32.7,67,1.9,41,0.0,NE
2000-12-31 11:00:00,32.7,72,2.3,297,0.0,NO
2000-09-19 12:00:00,32.7,63,1.9,298,0.0,NO
2000-12-21 12:00:00,32.7,55,2.2,312,0.0,NO
2000-12-20 16:00:00,32.7,75,1.4,73,0.7,L
2000-12-25 10:00:00,32.6,66,2.1,289,0.0,O
2000-12-25 15:00:00,32.6,54,4.9,110,0.0,L
2000-01-17 15:00:00,32.6,56,1.0,73,0.0,L
2000-01-17 14:00:00,32.5,52,0.7,356,0.0,N
2000-05-08 15:00:00,32.5,76,1.2,286,0.0,O
2000-12-27 11:00:00,32.5,73,1.6,302,0.0,NO
2000-01-27 11:00:00,32.4,57,5.2,311,0.0,NO
2000-02-23 17:00:00,32.2,60,3.2,80,0.0,L
2000-12-30 12:00:00,32.2,78,2.8,94,0.0,L
2000-12-27 16:00:00,32.2,63,2.9,117,0.0,SE
2000-10-01 15:00:00,32.2,71,1.4,240,0.0,SO
2000-11-16 11:00:00,32.2,57,1.5,304,0.0,NO
2000-03-04 15:00:00,32.1,79,0.8,190,0.6,S
2000-12-20 12:00:00,32.1,66,2.1,299,0.0,NO
2000-12-21 14:00:00,32.1,51,3.5,120,0.0,SE
2000-11-27 14:00:00,32.0,67,1.1,86,0.0,L
2000-12-21 10:00:00,32.0,69,2.0,298,0.0,NO
2000-12-21 11:00:00,32.0,62,0.9,82,0.0,L
2000-03-27 12:00:00,32.0,58,1.0,288,0.0,O
2000-01-17 13:00:00,31.9,57,1.2,332,0.0,NO
2000-01-18 13:00:00,31.8,63,2.6,169,0.0,S
2000-01-05 13:00:00,31.7,61,3.2,291,0.2,O
2000-12-12 10:00:00,31.7,81,2.9,290,0.0,O
2000-12-30 13:00:00,31.7,74,3.4,102,0.0,L
2000-03-21 14:00:00,31.7,60,1.3,84,0.0,L
2000-01-18 12:00:00,31.7,63,1.7,191,0.0,S
2000-10-27 13:00:00,31.6,57,3.3,268,0.1,O
2000-03-27 15:00:00,31.6,66,3.0,113,0.0,SE
2000-01-18 14:00:00,31.6,64,3.2,159,0.0,S
2000-12-30 14:00:00,31.6,70,3.4,105,0.0,L
2000-02-04 15:00:00,31.5,58,1.2,70,0.2,L
2000-12-28 18:00:00,31.5,75,2.5,358,0.0,N
2000-09-18 15:00:00,31.5,65,1.7,283,0.0,O
2000-12-25 09:00:00,31.5,74,1.6,301,0.0,NO
2000-01-16 15:00:00,31.5,62,1.8,79,0.0,L
2000-01-05 14:00:00,31.4,64,1.6,293,0.1,NO
2000-02-21 15:00:00,31.4,71,2.8,120,0.2,SE
2000-01-05 12:00:00,31.3,64,4.1,297,0.1,NO
2000-02-23 12:00:00,31.3,69,1.1,67,0.1,NE
2000-03-05 15:00:00,31.2,80,2.0,288,0.5,O
2000-03-05 16:00:00,31.2,78,2.2,278,0.1,O
2000-10-09 13:00:00,31.2,56,2.0,279,0.0,O
2000-03-03 15:00:00,31.2,61,0.9,315,3.1,NO
2000-12-24 10:00:00,31.2,78,2.0,303,0.0,NO
2000-12-20 11:00:00,31.2,75,1.4,358,0.0,N
2000-03-04 14:00:00,31.2,61,1.0,51,0.5,NE
2000-11-27 11:00:00,31.2,53,1.9,286,0.0,O
2000-01-17 12:00:00,31.2,58,2.0,323,0.0,NO
2000-03-17 13:00:00,31.2,60,1.3,266,0.0,O
2000-05-08 14:00:00,31.1,75,0.9,266,0.0,O
2000-03-21 15:00:00,31.1,68,2.6,110,0.0,L
2000-08-30 13:00:00,31.1,44,1.2,354,0.0,N
2000-10-01 12:00:00,31.1,72,2.0,9,0.0,N
2000-05-27 15:00:00,31.1,72,1.9,285,0.0,O
2000-12-25 14:00:00,31.0,52,3.2,98,0.6,L
2000-11-27 15:00:00,31.0,62,2.7,106,0.0,L
2000-04-19 15:00:00,31.0,44,1.7,258,0.0,O
2000-05-27 14:00:00,31.0,69,1.5,295,0.0,NO
2000-12-24 15:00:00,31.0,55,2.6,103,0.0,L
2000-03-29 13:00:00,31.0,68,2.5,120,1.4,SE
2000-01-19 13:00:00,31.0,66,1.9,162,0.0,S
2000-01-19 12:00:00,31.0,66,0.9,182,0.1,S
2000-12-28 16:00:00,31.0,57,0.8,39,0.0,NE
2000-03-28 13:00:00,31.0,60,1.1,359,0.0,N
2000-12-29 09:00:00,31.0,79,1.0,106,0.0,L
2000-12-31 10:00:00,31.0,78,1.6,338,0.0,N
2000-12-30 15:00:00,31.0,71,3.7,114,0.4,SE
2000-02-11 15:00:00,31.0,74,3.3,63,0.2,NE
2000-09-18 14:00:00,31.0,62,2.1,319,0.0,NO
2000-11-17 13:00:00,31.0,59,1.3,287,0.0,O
2000-12-20 17:00:00,31.0,76,2.2,111,0.6,L
2000-10-27 14:00:00,31.0,58,3.2,204,0.1,SO
2000-12-27 10:00:00,31.0,80,1.8,296,0.0,NO
2000-01-20 13:00:00,30.9,68,1.9,121,0.0,SE
2000-01-18 11:00:00,30.8,68,1.2,224,0.0,SO
2000-01-19 14:00:00,30.8,69,3.1,156,0.0,SE
2000-04-05 15:00:00,30.8,69,3.4,141,0.1,SE
2000-03-27 11:00:00,30.7,64,1.2,281,0.0,O
2000-02-21 14:00:00,30.7,73,2.2,129,0.2,SE
2000-03-29 14:00:00,30.7,72,2.5,132,0.3,SE
2000-01-17 16:00:00,30.7,66,1.9,75,0.0,L
2000-12-12 11:00:00,30.7,77,2.8,286,0.0,O
2000-12-28 08:00:00,30.7,83,0.8,321,0.0,NO
2000-03-27 16:00:00,30.7,66,3.9,101,0.0,L
2000-01-26 13:00:00,30.7,68,2.5,111,0.0,L
2000-03-05 17:00:00,30.7,79,2.1,289,0.3,O
2000-02-04 14:00:00,30.7,61,1.6,249,0.1,O
2000-12-27 17:00:00,30.7,64,4.2,109,0.0,L
2000-01-16 14:00:00,30.7,67,0.6,27,0.0,NE
2000-11-27 16:00:00,30.7,57,3.9,106,0.0,L
2000-07-23 15:00:00,30.7,64,1.6,305,0.0,NO
2000-01-27 10:00:00,30.7,63,5.8,317,0.0,NO
2000-12-12 12:00:00,30.6,75,3.1,293,0.0,NO
2000-02-04 16:00:00,30.6,62,2.6,83,0.9,L
2000-11-16 14:00:00,30.6,65,3.5,113,0.0,SE
2000-10-09 12:00:00,30.6,58,2.4,283,0.0,O
2000-03-03 14:00:00,30.6,61,1.4,292,1.0,O
2000-02-23 18:00:00,30.5,87,2.9,76,0.0,L
2000-03-14 13:00:00,30.5,69,2.5,109,0.0,L
2000-11-17 14:00:00,30.5,65,2.6,107,0.0,L
2000-03-09 13:00:00,30.5,62,2.5,101,0.0,L
2000-01-18 16:00:00,30.5,75,1.8,155,0.9,SE
2000-12-12 09:00:00,30.5,86,1.9,296,0.0,NO
2000-03-04 11:00:00,30.5,61,1.3,297,0.0,NO
2000-03-28 15:00:00,30.5,67,2.1,113,0.0,SE
2000-03-21 13:00:00,30.5,62,1.4,41,0.0,NE
2000-10-01 16:00:00,30.5,57,1.5,72,0.0,L
2000-12-30 11:00:00,30.5,83,0.9,192,0.0,S
2000-01-05 11:00:00,30.5,66,4.6,307,0.0,NO
2000-03-26 14:00:00,30.5,66,2.3,121,0.0,SE
2000-12-24 09:00:00,30.5,86,0.9,289,0.0,O
2000-09-18 13:00:00,30.5,46,2.5,269,0.0,O
2000-12-23 16:00:00,30.5,66,1.4,30,0.1,NE
2000-01-20 14:00:00,30.5,68,2.8,122,0.0,SE
2000-01-18 15:00:00,30.4,72,3.1,159,0.3,S
2000-01-23 14:00:00,30.4,63,3.4,126,0.0,SE
2000-01-17 11:00:00,30.3,61,2.3,319,0.0,NO
2000-02-11 14:00:00,30.3,76,2.1,65,0.1,NE
2000-01-20 12:00:00,30.3,69,1.0,118,0.0,SE
2000-01-26 16:00:00,30.3,72,4.6,98,0.0,L
2000-10-27 12:00:00,30.2,65,2.9,288,0.0,O
2000-09-19 10:00:00,30.2,78,1.7,301,0.0,NO
2000-09-19 11:00:00,30.2,75,2.3,278,0.0,O
2000-09-19 14:00:00,30.2,59,2.5,112,0.0,L
2000-01-19 15:00:00,30.2,73,4.1,137,0.6,SE
2000-01-26 12:00:00,30.2,68,1.5,106,0.1,L
2000-12-30 16:00:00,30.2,72,4.3,110,0.3,L
2000-01-23 15:00:00,30.2,65,3.8,124,0.0,SE
2000-01-23 13:00:00,30.2,62,2.9,125,0.0,SE
2000-03-03 16:00:00,30.2,65,0.8,264,2.0,O
2000-12-29 13:00:00,30.2,74,2.9,140,0.0,SE
2000-03-17 15:00:00,30.2,71,2.8,113,0.0,SE
2000-03-28 14:00:00,30.2,66,3.2,90,0.0,L
2000-12-27 18:00:00,30.2,66,2.2,112,0.0,L
2000-01-02 13:00:00,30.2,68,3.0,138,0.4,SE
2000-07-23 14:00:00,30.2,61,2.3,286,0.0,O
2000-03-21 16:00:00,30.2,72,2.7,106,0.0,L
2000-05-08 13:00:00,30.2,62,0.9,333,0.0,NO
2000-02-11 16:00:00,30.2,77,3.7,51,0.0,NE
2000-12-29 10:00:00,30.2,78,2.3,145,0.0,SE
2000-02-21 16:00:00,30.2,74,2.6,103,0.1,L
2000-03-17 14:00:00,30.2,72,2.7,110,0.0,L
2000-11-27 17:00:00,30.1,84,3.3,115,0.0,SE
2000-01-24 13:00:00,30.1,63,3.7,130,0.0,SE
2000-01-24 14:00:00,30.1,64,4.6,128,0.0,SE
2000-10-09 14:00:00,30.1,61,2.0,114,0.1,SE
2000-03-29 12:00:00,30.1,70,1.9,128,1.2,SE
2000-03-24 12:00:00,30.1,68,2.2,142,0.0,SE
2000-12-31 15:00:00,30.1,81,3.1,122,3.6,SE
2000-12-29 11:00:00,30.1,75,3.0,136,0.0,SE
2000-03-16 13:00:00,30.0,69,2.9,113,0.0,SE
2000-01-21 13:00:00,30.0,64,2.7,122,0.0,SE
2000-12-23 17:00:00,30.0,65,1.2,285,0.0,O
2000-03-14 14:00:00,30.0,72,3.9,119,0.0,SE
2000-03-22 11:00:00,30.0,74,2.7,132,0.2,SE
2000-01-16 13:00:00,30.0,69,0.9,313,0.1,NO
2000-03-16 14:00:00,30.0,69,2.8,118,0.0,SE
2000-01-26 14:00:00,30.0,70,3.4,114,1.3,SE
2000-04-05 16:00:00,30.0,72,3.7,130,0.1,SE
2000-12-23 12:00:00,30.0,78,1.6,286,0.0,O
2000-03-26 12:00:00,30.0,65,1.3,194,0.0,S
2000-12-07 13:00:00,30.0,52,2.4,118,0.0,SE
2000-01-20 15:00:00,30.0,72,3.8,115,0.0,SE
2000-01-27 09:00:00,30.0,65,5.8,320,0.0,NO
2000-08-08 16:00:00,30.0,52,0.7,277,0.0,O
2000-03-28 16:00:00,30.0,70,2.4,113,0.0,SE
2000-02-04 13:00:00,29.9,65,2.3,270,0.2,O
2000-01-16 16:00:00,29.9,70,3.2,73,0.2,L
2000-01-22 14:00:00,29.9,60,3.5,117,0.0,SE
2000-04-05 14:00:00,29.9,72,2.4,153,0.1,SE
2000-01-21 12:00:00,29.9,65,1.9,119,0.0,SE
2000-02-21 13:00:00,29.9,76,2.2,124,0.2,SE
2000-01-18 10:00:00,29.9,72,1.1,252,0.0,O
2000-02-23 11:00:00,29.9,75,1.1,31,0.0,NE
2000-01-26 17:00:00,29.9,74,4.5,91,0.0,L
2000-01-18 17:00:00,29.9,79,1.2,90,3.2,L
2000-01-19 11:00:00,29.9,71,0.9,216,0.1,SO
2000-01-24 12:00:00,29.9,64,2.7,135,0.1,SE
2000-01-21 14:00:00,29.8,66,3.6,122,0.0,SE
2000-01-26 15:00:00,29.8,73,4.1,109,0.3,L
2000-02-10 15:00:00,29.8,75,4.8,129,0.4,SE
2000-10-03 11:00:00,29.7,86,0.8,40,0.0,NE
2000-02-04 17:00:00,29.7,67,2.2,91,0.2,L
2000-01-20 16:00:00,29.7,74,4.5,105,0.0,L
2000-01-25 14:00:00,29.7,71,3.6,132,0.1,SE
2000-11-16 10:00:00,29.7,65,1.4,353,0.0,N
2000-01-23 12:00:00,29.7,64,2.1,125,0.0,SE
2000-01-21 15:00:00,29.7,67,4.3,118,0.0,SE
2000-12-12 14:00:00,29.7,77,1.1,301,0.2,NO
2000-12-20 10:00:00,29.7,82,1.4,329,0.0,NO
2000-12-22 13:00:00,29.7,74,3.5,92,0.0,L
2000-03-26 13:00:00,29.7,72,2.1,145,0.0,SE
2000-12-29 15:00:00,29.7,72,2.7,128,0.1,SE
2000-03-04 16:00:00,29.7,72,0.9,121,2.5,SE
2000-01-02 12:00:00,29.7,70,1.6,142,0.0,SE
2000-12-23 15:00:00,29.7,70,1.7,302,0.3,NO
2000-12-23 14:00:00,29.7,74,1.1,316,0.1,NO
2000-03-04 12:00:00,29.7,60,1.2,289,0.0,O
2000-03-22 15:00:00,29.7,75,2.3,130,0.2,SE
2000-03-14 15:00:00,29.7,74,3.3,111,0.0,L
2000-03-26 15:00:00,29.7,70,3.2,99,0.0,L
2000-03-04 13:00:00,29.7,69,0.4,134,0.4,SE
2000-03-05 14:00:00,29.7,63,2.4,290,1.0,O
2000-12-31 09:00:00,29.7,83,1.0,303,0.0,NO
2000-03-16 12:00:00,29.7,65,1.9,102,0.0,L
2000-03-17 12:00:00,29.7,69,0.8,327,0.0,NO
2000-12-29 12:00:00,29.7,75,3.1,124,0.0,SE
2000-12-29 14:00:00,29.7,73,3.0,104,0.1,L
2000-07-24 14:00:00,29.7,63,1.0,25,0.0,NE
2000-03-16 15:00:00,29.6,70,3.5,115,0.0,SE
2000-02-20 15:00:00,29.6,72,3.1,139,0.0,SE
2000-12-28 19:00:00,29.6,83,1.0,339,0.0,N
2000-12-09 11:00:00,29.6,76,1.1,322,0.0,NO
2000-12-31 16:00:00,29.6,67,2.7,126,0.0,SE
2000-07-23 16:00:00,29.6,76,1.2,293,0.0,NO
2000-12-30 17:00:00,29.6,73,3.6,115,0.1,SE
2000-03-03 13:00:00,29.6,69,0.7,354,0.1,N
2000-01-26 11:00:00,29.6,70,0.7,97,0.2,L
2000-01-22 13:00:00,29.6,61,2.6,115,0.0,SE
2000-01-27 15:00:00,29.6,78,5.2,186,1.7,S
2000-01-21 16:00:00,29.6,69,5.0,111,0.0,L
2000-01-16 12:00:00,29.6,71,1.3,326,0.1,NO
2000-08-30 17:00:00,29.5,55,1.0,46,0.0,NE
2000-03-13 15:00:00,29.5,71,3.7,94,0.0,L
2000-03-21 12:00:00,29.5,71,1.2,321,0.0,NO
2000-11-16 15:00:00,29.5,67,3.8,110,0.0,L
2000-03-09 12:00:00,29.5,61,1.3,15,0.0,N
2000-03-13 14:00:00,29.5,74,3.5,110,0.1,L
2000-02-11 13:00:00,29.5,79,1.2,35,0.1,NE
2000-03-22 13:00:00,29.5,75,2.8,136,0.0,SE
2000-03-26 11:00:00,29.5,64,0.9,318,0.0,NO
2000-11-17 12:00:00,29.5,64,1.0,39,0.0,NE
2000-01-05 15:00:00,29.5,77,0.6,300,1.6,NO
2000-05-04 15:00:00,29.5,58,0.9,53,0.0,NE
2000-01-19 16:00:00,29.5,76,4.1,117,0.9,SE
2000-08-02 15:00:00,29.5,52,1.1,289,0.0,O
2000-03-26 16:00:00,29.5,71,3.0,106,0.0,L
2000-03-18 11:00:00,29.5,69,1.2,224,0.8,SO
2000-12-14 11:00:00,29.5,82,2.1,210,0.0,SO
2000-12-26 11:00:00,29.5,80,2.5,141,0.1,SE
2000-12-29 17:00:00,29.5,72,1.5,191,0.1,S
2000-12-22 14:00:00,29.5,72,3.6,115,0.0,SE
2000-12-24 16:00:00,29.5,66,3.0,101,0.0,L
2000-03-29 11:00:00,29.5,70,1.6,189,0.3,S
2000-01-17 17:00:00,29.4,77,2.8,50,0.0,NE
2000-02-09 15:00:00,29.4,75,3.9,162,0.2,S
2000-01-22 15:00:00,29.4,63,4.3,114,0.0,SE
2000-01-23 16:00:00,29.4,72,4.3,116,0.0,SE
2000-01-24 15:00:00,29.4,70,5.0,123,0.0,SE
2000-02-11 17:00:00,29.4,80,3.4,22,0.4,N
2000-01-22 12:00:00,29.4,63,2.0,105,0.0,L
2000-01-20 11:00:00,29.4,72,0.5,73,0.1,L
2000-02-27 15:00:00,29.3,78,3.4,106,1.0,L
2000-02-10 14:00:00,29.3,77,4.6,137,0.5,SE
2000-01-05 17:00:00,29.3,85,1.9,132,0.0,SE
2000-02-19 15:00:00,29.2,74,4.7,98,0.1,L
2000-02-21 12:00:00,29.2,78,1.7,119,0.0,SE
2000-02-10 16:00:00,29.2,77,4.7,124,1.6,SE
2000-02-18 15:00:00,29.2,76,4.2,133,0.0,SE
2000-03-21 17:00:00,29.2,75,2.3,107,0.0,L
2000-12-27 09:00:00,29.2,85,1.3,337,0.0,NO
2000-01-02 11:00:00,29.2,72,0.4,147,0.0,SE
2000-03-13 16:00:00,29.2,73,3.1,111,0.2,L
2000-05-27 13:00:00,29.2,69,1.0,281,0.0,O
2000-03-13 12:00:00,29.2,75,2.4,118,0.1,SE
2000-05-08 16:00:00,29.2,67,1.7,76,0.0,L
2000-03-28 12:00:00,29.2,63,1.5,55,0.0,NE
2000-07-23 13:00:00,29.2,60,2.4,282,0.0,O
2000-12-29 08:00:00,29.2,85,1.2,180,0.0,S
2000-01-21 17:00:00,29.2,71,5.4,104,0.0,L
2000-05-04 14:00:00,29.2,59,1.1,5,0.0,N
2000-03-05 13:00:00,29.2,66,2.5,299,1.6,NO
2000-02-08 15:00:00,29.2,74,3.7,141,0.7,SE
2000-01-27 08:00:00,29.2,67,5.8,324,0.0,NO
2000-03-24 14:00:00,29.2,66,2.5,123,0.3,SE
2000-01-18 09:00:00,29.1,78,1.3,268,0.0,O
2000-04-05 17:00:00,29.1,75,3.7,106,0.0,L
2000-01-25 15:00:00,29.1,76,4.3,120,0.1,SE
2000-01-05 16:00:00,29.1,80,0.5,98,0.0,L
2000-03-13 13:00:00,29.1,74,3.5,105,0.0,L
2000-03-18 15:00:00,29.1,69,2.7,172,0.6,S
2000-12-23 11:00:00,29.1,83,2.0,280,0.1,O
2000-12-22 11:00:00,29.1,78,1.1,92,0.0,L
2000-12-26 13:00:00,29.1,76,3.2,110,0.0,L
2000-11-30 11:00:00,29.1,61,1.1,125,0.0,SE
2000-02-01 15:00:00,29.1,65,4.3,148,0.0,SE
2000-10-01 11:00:00,29.1,86,1.6,286,0.0,O
2000-12-12 15:00:00,29.1,75,1.6,150,1.7,SE
2000-12-09 12:00:00,29.1,74,3.2,127,0.0,SE
2000-12-23 13:00:00,29.1,75,0.9,296,0.0,NO
2000-10-09 15:00:00,29.1,66,1.9,120,0.0,SE
2000-08-02 14:00:00,29.1,37,1.2,307,0.0,NO
2000-12-07 12:00:00,29.1,39,1.2,25,0.0,NE
2000-02-17 15:00:00,29.1,78,3.2,150,0.3,SE
2000-04-19 16:00:00,29.1,49,1.0,209,0.0,SO
2000-03-24 15:00:00,29.1,67,2.8,144,0.2,SE
2000-03-29 15:00:00,29.0,77,1.6,125,0.5,SE
2000-01-02 14:00:00,29.0,72,3.6,122,0.9,SE
2000-01-26 18:00:00,29.0,78,4.6,78,0.0,L
2000-03-15 15:00:00,29.0,72,2.9,129,0.0,SE
2000-02-01 14:00:00,29.0,65,4.0,162,0.0,S
2000-03-14 12:00:00,29.0,72,0.8,112,0.0,L
2000-11-27 18:00:00,29.0,84,2.5,111,0.0,L
2000-11-16 16:00:00,29.0,71,3.5,112,0.0,L
2000-01-21 11:00:00,29.0,70,1.3,110,0.0,L
2000-03-16 11:00:00,29.0,71,1.6,101,0.0,L
2000-12-25 08:00:00,29.0,82,1.1,292,0.0,O
2000-03-27 17:00:00,29.0,74,3.7,97,0.0,L
2000-02-04 12:00:00,29.0,69,3.2,293,0.1,NO
2000-03-01 15:00:00,29.0,76,3.2,116,0.0,SE
2000-08-08 15:00:00,29.0,50,1.9,286,0.0,O
2000-12-30 10:00:00,29.0,86,1.4,259,0.0,O
2000-09-18 12:00:00,29.0,55,2.6,266,0.1,O
2000-12-26 12:00:00,29.0,78,2.8,128,0.1,SE
2000-03-05 18:00:00,29.0,65,1.4,261,0.9,O
2000-10-27 11:00:00,29.0,71,1.9,304,0.0,NO
2000-02-21 17:00:00,29.0,76,2.8,104,0.0,L
2000-07-03 12:00:00,29.0,53,1.7,302,0.0,NO
2000-12-29 16:00:00,29.0,71,2.4,153,0.1,SE
2000-03-24 13:00:00,29.0,71,2.2,127,0.0,SE
2000-03-23 14:00:00,29.0,77,1.9,189,0.1,S
2000-02-20 14:00:00,29.0,75,2.7,147,0.0,SE
2000-12-23 10:00:00,29.0,87,1.3,300,0.1,NO
2000-12-22 15:00:00,29.0,71,3.9,107,0.1,L
2000-03-25 14:00:00,29.0,71,2.8,123,0.1,SE
2000-03-23 16:00:00,29.0,74,1.9,108,0.1,L
2000-05-08 12:00:00,29.0,66,1.2,283,0.0,O
2000-03-22 12:00:00,29.0,77,2.2,171,0.1,S
2000-12-26 14:00:00,29.0,75,3.8,93,0.0,L
2000-02-01 13:00:00,28.9,66,3.9,171,0.0,S
2000-10-01 17:00:00,28.9,61,1.7,77,0.0,L
2000-01-22 16:00:00,28.9,67,4.9,109,0.0,L
2000-01-24 16:00:00,28.9,74,5.1,117,0.0,SE
2000-02-19 14:00:00,28.9,76,4.3,107,0.2,L
2000-04-05 13:00:00,28.9,75,1.2,167,0.0,S
2000-04-19 14:00:00,28.9,50,2.4,282,0.0,O
2000-02-10 13:00:00,28.9,79,3.9,138,0.1,SE
2000-02-09 16:00:00,28.9,77,3.7,159,1.2,S
2000-01-27 16:00:00,28.9,82,4.4,199,1.8,S
2000-04-14 15:00:00,28.9,70,1.8,198,0.1,S
2000-02-23 19:00:00,28.9,69,3.0,75,0.0,L
2000-01-23 11:00:00,28.8,68,1.3,126,0.0,SE
2000-02-06 15:00:00,28.8,75,3.9,113,0.0,SE
2000-01-02 15:00:00,28.8,75,3.5,107,0.2,L
2000-10-09 11:00:00,28.8,68,1.7,345,0.0,N
2000-02-01 12:00:00,28.8,66,3.7,179,0.0,S
2000-11-17 15:00:00,28.8,69,3.0,108,0.0,L
2000-02-07 15:00:00,28.8,79,3.8,119,0.3,SE
2000-02-11 12:00:00,28.8,81,1.2,347,0.1,N
2000-02-04 18:00:00,28.8,73,0.9,121,0.4,SE
2000-02-09 14:00:00,28.8,78,3.8,160,0.8,S
2000-01-25 12:00:00,28.7,73,1.6,140,0.1,SE
2000-01-26 10:00:00,28.7,72,0.2,35,0.0,NE
2000-03-25 13:00:00,28.7,71,2.5,128,0.1,SE
2000-01-25 13:00:00,28.7,74,2.6,139,0.1,SE
2000-03-28 17:00:00,28.7,75,2.6,106,0.0,L
2000-01-19 10:00:00,28.7,77,1.2,219,0.1,SO
2000-01-25 16:00:00,28.7,76,4.5,108,0.1,L
2000-03-22 14:00:00,28.7,78,2.0,155,0.1,SE
2000-12-25 16:00:00,28.7,59,5.0,107,0.0,L
2000-01-24 11:00:00,28.7,71,1.7,148,0.1,SE
2000-03-20 14:00:00,28.7,77,1.7,141,0.1,SE
2000-03-23 15:00:00,28.7,77,2.1,132,0.1,SE
2000-03-01 14:00:00,28.7,76,2.3,116,0.6,SE
2000-03-17 17:00:00,28.7,75,3.3,107,0.8,L
2000-03-12 15:00:00,28.7,72,3.1,107,0.2,L
2000-02-28 15:00:00,28.7,83,3.3,146,1.5,SE
2000-03-02 15:00:00,28.7,73,2.9,145,0.4,SE
2000-03-03 12:00:00,28.7,70,0.7,241,0.0,SO
2000-03-04 10:00:00,28.7,72,1.5,353,0.0,N
2000-02-22 15:00:00,28.7,77,4.2,134,0.0,SE
2000-11-30 15:00:00,28.7,68,2.8,113,0.0,SE
2000-11-30 14:00:00,28.7,68,2.8,102,0.0,L
2000-07-24 13:00:00,28.7,48,1.1,295,0.0,NO
2000-02-10 17:00:00,28.7,79,4.6,119,0.6,SE
2000-03-11 14:00:00,28.7,68,3.2,107,0.0,L
2000-02-08 16:00:00,28.7,76,3.5,145,0.3,SE
2000-04-04 15:00:00,28.7,68,3.1,114,0.0,SE
2000-03-12 14:00:00,28.7,74,2.6,102,0.5,L
2000-11-30 13:00:00,28.7,68,2.9,138,0.0,SE
2000-10-27 15:00:00,28.7,66,2.6,124,0.0,SE
2000-07-13 15:00:00,28.7,69,1.2,22,0.0,N
2000-01-17 10:00:00,28.7,68,2.7,314,0.0,NO
2000-03-15 14:00:00,28.7,74,2.4,120,0.2,SE
2000-03-15 13:00:00,28.7,73,2.3,184,0.1,S
2000-03-14 16:00:00,28.7,76,4.1,96,0.0,L
2000-03-16 16:00:00,28.7,72,4.0,101,0.0,L
2000-02-01 11:00:00,28.7,67,3.7,188,0.0,S
2000-02-19 13:00:00,28.6,77,3.7,108,0.1,L
2000-02-18 14:00:00,28.6,78,3.7,137,0.0,SE
2000-07-24 15:00:00,28.6,53,2.2,90,0.0,L
2000-02-17 16:00:00,28.6,80,3.8,125,0.2,SE
2000-05-27 12:00:00,28.6,53,1.5,288,0.0,O
2000-02-19 16:00:00,28.6,77,4.8,93,0.1,L
2000-12-26 15:00:00,28.6,74,3.6,117,0.0,SE
2000-11-30 16:00:00,28.6,68,3.3,120,0.0,SE
2000-01-16 11:00:00,28.6,77,1.6,328,0.2,NO
2000-03-14 11:00:00,28.6,75,1.1,129,0.0,SE
2000-08-30 12:00:00,28.6,51,1.3,310,0.0,NO
2000-03-18 12:00:00,28.6,74,2.4,146,6.7,SE
2000-11-30 12:00:00,28.6,68,3.2,124,0.0,SE
2000-03-25 12:00:00,28.6,70,2.6,129,0.1,SE
2000-12-21 09:00:00,28.6,77,1.7,291,0.0,O
2000-01-05 18:00:00,28.6,86,2.8,141,0.7,SE
2000-03-27 10:00:00,28.6,73,1.1,330,0.0,NO
2000-01-21 18:00:00,28.6,74,5.3,98,0.0,L
2000-02-01 10:00:00,28.6,67,3.5,199,0.0,S
2000-02-23 10:00:00,28.5,82,1.2,22,0.0,N
2000-04-07 15:00:00,28.5,74,2.7,134,0.5,SE
2000-12-24 17:00:00,28.5,70,1.0,184,0.0,S
2000-03-17 11:00:00,28.5,76,1.2,311,0.0,NO
2000-12-22 10:00:00,28.5,82,1.2,21,0.0,N
2000-03-25 15:00:00,28.5,72,2.6,134,0.0,SE
2000-12-14 10:00:00,28.5,84,0.9,339,0.0,N
2000-03-02 14:00:00,28.5,75,2.4,127,0.0,SE
2000-12-14 15:00:00,28.5,75,3.3,115,0.0,SE
2000-11-15 12:00:00,28.5,68,2.6,119,0.1,SE
2000-12-12 13:00:00,28.5,78,1.8,17,0.1,N
2000-12-09 09:00:00,28.5,85,0.7,309,0.0,NO
2000-12-12 08:00:00,28.5,90,1.6,275,0.1,O
2000-02-21 11:00:00,28.5,81,0.7,98,0.0,L
2000-02-20 16:00:00,28.5,76,3.7,123,0.0,SE
2000-03-23 13:00:00,28.5,79,1.9,187,0.1,S
2000-02-18 16:00:00,28.5,78,4.5,124,0.0,SE
2000-02-17 14:00:00,28.5,80,2.3,168,0.0,S
2000-03-15 16:00:00,28.5,74,3.2,108,0.0,L
2000-03-17 16:00:00,28.5,77,3.5,99,0.0,L
2000-03-26 17:00:00,28.5,74,2.4,108,0.0,L
2000-03-22 16:00:00,28.5,79,2.2,125,0.2,SE
2000-02-09 17:00:00,28.5,79,3.6,151,0.3,SE
2000-02-01 09:00:00,28.5,68,3.0,214,0.0,SO
2000-03-12 13:00:00,28.5,74,2.2,109,0.2,L
2000-03-13 11:00:00,28.5,74,1.6,142,0.1,SE
2000-03-22 10:00:00,28.5,82,1.9,192,0.4,S
2000-03-12 16:00:00,28.5,71,2.9,113,0.1,SE
2000-02-11 18:00:00,28.5,83,3.7,0,0.2,N
2000-01-05 10:00:00,28.5,73,5.1,315,0.0,NO
2000-01-02 16:00:00,28.5,79,2.8,96,0.4,L
2000-02-10 12:00:00,28.4,82,3.2,136,0.1,SE
2000-02-20 13:00:00,28.4,77,2.0,153,0.0,SE
2000-02-01 16:00:00,28.4,69,4.4,139,0.0,SE
2000-01-27 07:00:00,28.4,70,5.5,327,0.0,NO
2000-01-19 09:00:00,28.4,78,1.6,222,0.1,SO
2000-01-18 18:00:00,28.3,86,1.5,55,0.6,NE
2000-02-08 14:00:00,28.3,77,3.6,147,0.1,SE
2000-04-05 18:00:00,28.3,79,3.2,93,0.0,L
2000-02-19 12:00:00,28.3,79,2.9,105,0.1,L
2000-01-20 10:00:00,28.3,77,0.6,51,0.1,NE
2000-02-09 13:00:00,28.3,81,3.2,162,0.3,S
2000-04-01 15:00:00,28.3,67,5.3,170,0.2,S
2000-01-17 18:00:00,28.3,81,3.3,51,0.0,NE
2000-01-03 13:00:00,28.3,83,3.0,154,0.6,SE
2000-01-22 11:00:00,28.3,69,1.7,95,0.0,L
2000-02-27 14:00:00,28.3,81,3.1,134,0.3,SE
2000-03-15 12:00:00,28.2,76,2.8,175,0.0,S
2000-12-21 15:00:00,28.2,54,4.8,109,0.0,L
2000-12-19 13:00:00,28.2,78,3.2,113,0.0,SE
2000-02-28 14:00:00,28.2,85,3.1,147,0.6,SE
2000-12-14 12:00:00,28.2,58,3.3,139,0.0,SE
2000-03-11 15:00:00,28.2,70,3.8,101,0.0,L
2000-03-18 16:00:00,28.2,76,2.3,185,1.1,S
2000-01-27 17:00:00,28.2,85,3.6,192,3.2,S
2000-03-02 13:00:00,28.2,76,1.7,120,0.1,SE
2000-09-23 13:00:00,28.2,59,1.6,164,0.0,S
2000-12-27 19:00:00,28.2,69,1.4,91,0.0,L
2000-03-29 10:00:00,28.2,81,1.0,182,0.2,S
2000-12-25 17:00:00,28.2,63,2.9,255,0.0,O
2000-04-06 15:00:00,28.2,75,1.7,187,2.4,S
2000-03-11 13:00:00,28.2,71,2.1,130,0.1,SE
2000-08-01 16:00:00,28.2,60,1.1,286,0.0,O
2000-08-01 15:00:00,28.2,50,1.9,294,0.0,NO
2000-07-13 14:00:00,28.2,65,0.8,315,0.0,NO
2000-12-28 07:00:00,28.2,88,0.4,121,0.0,SE
2000-01-25 17:00:00,28.2,80,4.4,106,0.0,L
2000-02-04 11:00:00,28.2,73,3.7,301,0.1,NO
2000-02-22 16:00:00,28.2,79,4.1,124,0.0,SE
2000-12-09 10:00:00,28.2,80,2.2,220,0.0,SO
2000-07-03 13:00:00,28.2,59,2.0,256,0.0,O
2000-10-18 12:00:00,28.2,73,2.0,92,0.0,L
2000-03-25 16:00:00,28.2,75,2.5,125,0.0,SE
2000-11-27 19:00:00,28.2,86,1.6,140,0.0,SE
2000-02-07 14:00:00,28.2,81,4.0,128,0.0,SE
2000-03-24 11:00:00,28.2,71,0.9,177,0.0,S
2000-01-15 13:00:00,28.2,81,2.5,113,0.0,SE
2000-02-08 17:00:00,28.2,79,3.5,123,0.3,SE
2000-02-02 15:00:00,28.2,74,4.7,129,0.3,SE
2000-11-28 13:00:00,28.2,70,2.9,120,0.1,SE
2000-11-16 09:00:00,28.2,75,1.3,310,0.0,NO
2000-11-28 14:00:00,28.2,70,3.4,133,0.1,SE
2000-07-23 12:00:00,28.2,47,2.5,295,0.0,NO
2000-05-05 12:00:00,28.2,67,0.9,40,0.1,NE
2000-11-29 12:00:00,28.2,69,3.4,99,0.0,L
2000-12-07 14:00:00,28.2,49,4.0,107,0.0,L
2000-01-15 14:00:00,28.1,81,3.1,96,0.0,L
2000-02-26 15:00:00,28.1,80,2.7,123,0.6,SE
2000-11-16 17:00:00,28.1,73,2.5,119,0.0,SE
2000-02-17 17:00:00,28.1,82,4.0,102,0.3,L
2000-02-06 16:00:00,28.1,78,4.4,100,0.0,L
2000-01-25 11:00:00,28.1,75,0.9,120,0.2,SE
2000-01-15 16:00:00,28.1,79,2.0,58,0.0,NE
2000-12-07 11:00:00,28.1,52,1.5,10,0.0,N
2000-11-28 15:00:00,28.1,74,3.8,131,0.2,SE
2000-05-04 13:00:00,28.1,69,1.2,66,0.0,NE
2000-09-20 13:00:00,28.1,79,0.9,343,0.0,N
2000-12-22 12:00:00,28.1,75,2.0,113,0.0,SE
2000-03-08 15:00:00,28.1,71,3.7,103,0.3,L
2000-02-10 18:00:00,28.1,82,4.5,102,1.1,L
2000-09-18 16:00:00,28.1,62,2.4,108,0.0,L
2000-09-19 15:00:00,28.1,65,3.5,109,0.0,L
2000-02-11 11:00:00,28.1,83,2.0,325,0.1,NO
2000-12-30 18:00:00,28.1,76,2.4,95,0.0,L
2000-04-14 14:00:00,28.1,72,1.7,236,0.2,SO
2000-03-01 13:00:00,28.1,78,2.0,143,0.2,SE
2000-03-18 14:00:00,28.1,74,1.9,174,0.2,S
2000-12-26 16:00:00,28.1,74,4.0,101,0.0,L
2000-03-22 17:00:00,28.1,82,1.6,139,0.2,SE
2000-03-26 10:00:00,28.1,73,1.2,272,0.0,O
2000-01-20 17:00:00,28.1,79,4.3,96,0.0,L
2000-09-18 17:00:00,28.0,60,2.1,103,0.0,L
2000-03-18 13:00:00,28.0,81,2.0,148,2.0,SE
2000-01-23 17:00:00,28.0,77,4.6,106,0.0,L
2000-03-08 14:00:00,28.0,70,2.4,131,0.0,SE
2000-10-09 16:00:00,28.0,73,1.9,77,0.0,L
2000-04-14 16:00:00,28.0,73,1.8,169,0.0,S
2000-01-03 12:00:00,28.0,83,2.4,154,1.2,SE
2000-03-08 16:00:00,28.0,73,2.7,107,0.1,L
2000-12-12 17:00:00,28.0,77,1.0,139,0.0,SE
2000-02-22 14:00:00,28.0,80,2.9,139,0.0,SE
2000-02-20 17:00:00,28.0,77,4.0,109,0.0,L
2000-11-15 14:00:00,28.0,67,3.3,114,0.0,SE
2000-10-03 12:00:00,28.0,70,3.5,119,0.0,SE
2000-10-02 13:00:00,28.0,67,3.2,139,0.0,SE
2000-01-20 18:00:00,28.0,80,4.2,96,0.0,L
2000-02-19 11:00:00,28.0,81,2.4,92,0.1,L
2000-08-01 14:00:00,28.0,41,1.7,309,0.0,NO
2000-02-18 13:00:00,28.0,81,2.9,136,0.0,SE
2000-05-27 16:00:00,28.0,65,0.4,324,0.0,NO
2000-12-08 13:00:00,28.0,69,2.6,121,0.0,SE
2000-12-08 12:00:00,28.0,69,2.8,132,0.0,SE
2000-03-23 17:00:00,28.0,78,2.1,106,0.0,L
2000-11-28 12:00:00,28.0,70,2.5,109,0.1,L
2000-02-09 18:00:00,28.0,81,3.8,149,0.2,SE
2000-01-15 15:00:00,28.0,82,2.4,73,0.0,L
2000-05-08 11:00:00,28.0,70,1.0,352,0.0,N
2000-02-06 14:00:00,28.0,77,3.3,127,0.0,SE
2000-02-03 15:00:00,28.0,86,3.8,99,0.5,L
2000-11-24 14:00:00,28.0,55,3.4,90,0.0,L
2000-03-09 11:00:00,28.0,70,0.9,309,0.0,NO
2000-03-25 11:00:00,28.0,73,1.3,179,0.1,S
2000-04-05 12:00:00,28.0,78,0.5,279,0.0,O
2000-03-14 17:00:00,28.0,78,3.4,96,0.0,L
2000-03-16 17:00:00,28.0,74,3.1,104,0.0,L
2000-01-19 18:00:00,28.0,81,3.9,93,0.2,L
2000-04-01 16:00:00,27.9,69,5.2,171,0.3,S
2000-01-14 14:00:00,27.9,76,2.7,147,0.1,SE
2000-01-18 08:00:00,27.9,83,1.5,277,0.0,O
2000-02-04 19:00:00,27.9,79,0.5,184,1.9,S
2000-04-07 14:00:00,27.9,77,2.7,147,0.1,SE
2000-10-18 13:00:00,27.9,75,2.2,121,0.0,SE
2000-02-10 11:00:00,27.9,84,2.5,135,0.2,SE
2000-04-04 14:00:00,27.9,71,1.7,114,0.0,SE
2000-02-02 14:00:00,27.9,76,4.2,134,0.0,SE
2000-04-04 16:00:00,27.9,71,3.8,102,0.0,L
2000-01-21 10:00:00,27.9,78,1.0,97,0.0,L
2000-02-17 13:00:00,27.9,83,1.5,193,0.0,S
2000-01-02 17:00:00,27.9,82,2.0,93,0.6,L
2000-02-07 16:00:00,27.9,82,3.1,111,0.7,L
2000-02-19 17:00:00,27.9,79,4.5,92,0.1,L
2000-01-03 11:00:00,27.9,84,1.9,155,2.7,SE
2000-01-15 12:00:00,27.9,82,3.0,126,0.0,SE
2000-02-28 13:00:00,27.8,86,3.2,156,0.4,SE
2000-02-03 14:00:00,27.8,84,3.3,105,2.0,L
2000-02-21 18:00:00,27.8,79,2.1,109,0.0,L
2000-04-09 15:00:00,27.8,67,1.7,113,0.1,SE
2000-02-18 17:00:00,27.8,81,4.4,115,0.0,SE
2000-02-02 16:00:00,27.8,76,4.8,127,0.1,SE
2000-02-08 18:00:00,27.8,82,2.9,97,0.1,L
2000-01-01 12:00:00,27.8,70,0.9,161,0.0,S
2000-02-20 12:00:00,27.8,80,1.1,174,0.0,S
2000-01-19 17:00:00,27.8,80,4.1,107,0.1,L
2000-01-01 13:00:00,27.8,72,2.2,145,0.0,SE
2000-01-14 16:00:00,27.8,79,3.5,123,0.0,SE
2000-09-18 11:00:00,27.8,60,2.1,317,0.1,NO
2000-01-16 10:00:00,27.8,78,1.7,337,0.5,NO
2000-01-25 18:00:00,27.8,81,4.4,100,0.0,L
2000-04-06 16:00:00,27.8,77,2.0,182,0.8,S
2000-01-26 09:00:00,27.8,78,0.7,336,0.0,NO
2000-04-08 15:00:00,27.7,63,4.3,175,0.4,S
2000-02-09 12:00:00,27.7,84,3.0,164,0.7,S
2000-03-15 17:00:00,27.7,78,3.1,106,0.0,L
2000-11-29 13:00:00,27.7,68,3.0,104,0.0,L
2000-02-28 16:00:00,27.7,89,3.4,138,0.1,SE
2000-05-05 11:00:00,27.7,71,1.3,82,0.1,L
2000-12-26 10:00:00,27.7,83,2.9,133,0.2,SE
2000-03-11 12:00:00,27.7,68,0.9,174,0.1,S
2000-03-20 16:00:00,27.7,80,1.8,132,0.1,SE
2000-05-06 12:00:00,27.7,66,1.4,31,0.0,NE
2000-03-29 16:00:00,27.7,82,1.7,130,0.0,SE
2000-12-19 15:00:00,27.7,75,3.6,103,0.0,L
2000-02-22 17:00:00,27.7,82,3.9,112,0.0,L
2000-03-21 18:00:00,27.7,81,1.7,114,0.0,SE
2000-01-02 10:00:00,27.7,78,0.6,304,0.0,NO
2000-12-14 13:00:00,27.7,61,3.3,100,0.0,L
2000-03-09 14:00:00,27.7,73,3.1,115,0.4,SE
2000-08-02 13:00:00,27.7,39,1.3,311,0.0,NO
2000-03-13 17:00:00,27.7,78,3.6,94,0.1,L
2000-03-01 12:00:00,27.7,81,1.3,112,0.1,L
2000-07-22 13:00:00,27.7,50,1.2,340,0.0,N
2000-02-19 10:00:00,27.7,82,2.3,79,0.1,L
2000-01-14 15:00:00,27.7,78,3.1,128,0.0,SE
2000-11-24 12:00:00,27.7,54,3.4,80,0.1,L
2000-12-09 13:00:00,27.7,74,3.2,107,0.0,L
2000-03-25 10:00:00,27.7,79,1.5,196,0.1,S
2000-01-20 09:00:00,27.7,79,0.7,73,0.1,L
2000-12-24 08:00:00,27.7,90,1.0,310,0.0,NO
2000-03-27 18:00:00,27.7,83,2.7,105,0.0,L
2000-12-07 15:00:00,27.7,50,4.1,119,0.0,SE
2000-03-03 11:00:00,27.7,75,0.9,316,0.0,NO
2000-03-03 10:00:00,27.7,74,0.9,316,0.0,NO
2000-12-26 17:00:00,27.7,74,2.9,92,0.0,L
2000-10-10 10:00:00,27.7,75,1.2,207,0.0,SO
2000-12-08 10:00:00,27.7,77,1.5,163,0.0,S
2000-01-16 17:00:00,27.7,80,3.6,59,0.0,NE
2000-02-11 19:00:00,27.7,86,2.9,340,0.0,N
2000-05-04 16:00:00,27.7,73,1.8,95,0.0,L
2000-02-21 10:00:00,27.7,83,0.5,9,0.0,N
2000-03-02 11:00:00,27.7,77,0.8,351,0.0,N
2000-01-24 17:00:00,27.6,78,5.0,107,0.0,L
2000-10-02 12:00:00,27.6,70,2.7,154,0.0,SE
2000-12-12 16:00:00,27.6,76,0.9,81,0.0,L
2000-01-05 09:00:00,27.6,78,4.9,321,0.0,NO
2000-11-14 12:00:00,27.6,74,2.1,133,0.1,SE
2000-12-24 18:00:00,27.6,72,0.2,315,0.0,NO
2000-01-25 10:00:00,27.6,76,0.8,90,0.1,L
2000-05-06 14:00:00,27.6,72,2.4,110,0.0,L
2000-01-17 22:00:00,27.6,87,2.6,49,0.0,NE
2000-03-02 12:00:00,27.6,78,1.2,143,0.0,SE
2000-03-30 14:00:00,27.6,69,2.0,170,0.8,S
2000-02-01 17:00:00,27.6,73,4.4,134,0.0,SE
2000-12-29 18:00:00,27.6,75,1.6,122,0.1,SE
2000-01-14 13:00:00,27.6,76,1.9,145,0.2,SE
2000-11-24 13:00:00,27.6,54,4.1,82,0.0,L
2000-11-30 17:00:00,27.6,72,3.6,107,0.0,L
2000-10-10 12:00:00,27.6,70,2.1,154,1.0,SE
2000-12-27 20:00:00,27.6,71,1.5,87,0.0,L
2000-01-19 08:00:00,27.6,81,1.6,220,0.2,SO
2000-12-26 09:00:00,27.6,87,1.5,144,0.1,SE
2000-02-27 16:00:00,27.6,81,3.4,86,0.8,L
2000-01-17 19:00:00,27.5,84,3.6,60,0.0,NE
2000-12-27 08:00:00,27.5,88,0.8,3,0.0,N
2000-10-27 10:00:00,27.5,77,1.9,279,0.1,O
2000-03-11 16:00:00,27.5,74,3.2,100,0.0,L
2000-10-18 14:00:00,27.5,78,2.3,93,0.0,L
2000-05-05 14:00:00,27.5,71,2.3,99,0.0,L
2000-02-17 18:00:00,27.5,84,3.8,87,0.0,L
2000-02-10 19:00:00,27.5,84,3.3,88,0.7,L
2000-03-12 17:00:00,27.5,76,3.5,107,0.0,L
2000-01-17 20:00:00,27.5,85,3.2,56,0.0,NE
2000-02-10 10:00:00,27.5,86,2.2,138,0.1,SE
2000-11-16 18:00:00,27.5,76,0.6,172,0.0,S
2000-11-28 11:00:00,27.5,76,2.3,178,0.1,S
2000-02-09 19:00:00,27.5,83,2.8,136,0.3,SE
2000-12-14 14:00:00,27.5,76,3.7,110,0.0,L
2000-01-15 11:00:00,27.5,84,1.1,109,0.3,L
2000-04-07 16:00:00,27.5,77,2.7,136,0.2,SE
2000-03-11 11:00:00,27.5,69,1.4,220,0.0,SO
2000-03-18 10:00:00,27.5,77,1.0,242,0.1,SO
2000-03-25 17:00:00,27.5,75,2.4,150,0.0,SE
2000-12-30 19:00:00,27.5,77,1.2,104,0.2,L
2000-11-26 16:00:00,27.5,68,4.1,96,0.0,L
2000-03-29 17:00:00,27.5,82,1.6,151,0.2,SE
2000-11-24 15:00:00,27.5,59,3.5,90,0.0,L
2000-03-06 15:00:00,27.5,74,2.0,111,1.5,L
2000-04-06 14:00:00,27.5,77,1.1,177,2.5,S
2000-02-03 16:00:00,27.5,87,3.5,101,0.4,L
2000-03-08 13:00:00,27.5,72,1.6,123,0.1,SE
2000-01-23 18:00:00,27.5,79,4.7,100,0.0,L
2000-07-24 12:00:00,27.5,57,1.1,327,0.0,NO
2000-03-08 17:00:00,27.5,72,2.4,89,0.2,L
2000-12-29 00:00:00,27.5,80,1.3,100,0.0,L
2000-12-28 23:00:00,27.5,80,1.5,32,0.0,NE
2000-04-05 19:00:00,27.5,83,2.8,73,0.3,L
2000-08-08 14:00:00,27.5,57,1.2,295,0.0,NO
2000-03-02 16:00:00,27.5,80,2.2,111,0.2,L
2000-03-03 17:00:00,27.5,82,1.1,76,1.0,L
2000-01-03 16:00:00,27.5,84,3.2,126,0.3,SE
2000-12-19 14:00:00,27.5,75,3.4,106,0.0,L
2000-02-02 13:00:00,27.5,79,3.6,131,0.0,SE
2000-01-17 21:00:00,27.5,86,2.8,51,0.0,NE
2000-03-28 11:00:00,27.5,72,1.1,325,0.0,NO
2000-10-03 10:00:00,27.5,71,1.9,49,0.0,NE
2000-03-29 09:00:00,27.5,87,1.0,160,0.1,S
2000-03-15 10:00:00,27.5,82,2.7,206,0.1,SO
2000-02-08 13:00:00,27.5,80,2.8,163,0.0,S
2000-10-27 16:00:00,27.5,61,4.3,141,0.1,SE
2000-12-30 09:00:00,27.5,88,1.2,219,0.0,SO
2000-02-26 14:00:00,27.5,82,2.7,133,2.3,SE
2000-02-07 13:00:00,27.5,84,3.7,128,0.0,SE
2000-12-21 16:00:00,27.5,59,1.9,114,1.5,SE
2000-02-06 17:00:00,27.5,81,4.5,94,0.0,L
2000-10-31 12:00:00,27.5,67,2.9,101,0.0,L
2000-10-31 11:00:00,27.5,61,1.4,26,0.0,NE
2000-02-03 13:00:00,27.5,82,2.7,117,0.2,SE
2000-01-01 15:00:00,27.4,74,3.9,120,0.1,SE
2000-01-16 18:00:00,27.4,84,4.1,55,0.0,NE
2000-02-11 23:00:00,27.4,80,3.4,336,0.0,NO
2000-04-01 17:00:00,27.4,71,4.9,169,0.3,S
2000-02-02 17:00:00,27.4,78,5.4,125,0.2,SE
2000-02-19 09:00:00,27.4,84,2.7,70,0.1,L
2000-01-24 10:00:00,27.4,76,1.0,178,0.1,S
2000-02-04 10:00:00,27.4,77,3.0,315,0.0,NO
2000-02-18 12:00:00,27.4,84,1.7,125,0.0,SE
2000-01-18 23:00:00,27.4,83,1.3,219,0.0,SO
2000-01-04 12:00:00,27.4,89,2.0,131,0.8,SE
2000-02-27 13:00:00,27.4,83,1.4,169,0.4,S
2000-01-20 08:00:00,27.4,81,0.8,100,0.1,L
2000-01-03 14:00:00,27.4,85,3.6,143,1.5,SE
2000-02-28 12:00:00,27.4,88,2.4,163,0.2,S
2000-01-23 10:00:00,27.4,76,0.7,129,0.1,SE
2000-04-01 14:00:00,27.4,71,4.9,169,0.2,S
2000-01-14 17:00:00,27.4,82,3.6,106,0.0,L
2000-01-22 17:00:00,27.4,75,5.2,102,0.0,L
2000-04-14 13:00:00,27.4,75,2.2,268,0.2,O
2000-02-17 12:00:00,27.4,85,1.1,235,0.0,SO
2000-01-17 09:00:00,27.4,72,3.0,317,0.0,NO
2000-01-03 10:00:00,27.3,86,1.3,172,1.7,S
2000-02-06 13:00:00,27.3,80,2.2,133,0.1,SE
2000-02-22 13:00:00,27.3,82,2.0,142,0.2,SE
2000-01-17 23:00:00,27.3,88,2.0,53,0.0,NE
2000-01-03 17:00:00,27.3,86,3.0,109,0.5,L
2000-04-09 14:00:00,27.3,69,1.2,118,0.1,SE
2000-01-18 07:00:00,27.3,85,1.5,294,0.0,NO
2000-04-06 17:00:00,27.3,78,2.2,177,0.3,S
2000-02-08 19:00:00,27.3,84,2.7,92,0.0,L
2000-01-04 11:00:00,27.3,89,0.8,186,0.5,S
2000-02-19 18:00:00,27.3,82,4.3,92,0.0,L
2000-02-11 10:00:00,27.3,86,2.9,329,0.0,NO
2000-01-25 09:00:00,27.3,78,1.0,73,0.2,L
2000-01-02 18:00:00,27.3,85,2.5,82,0.1,L
2000-01-24 18:00:00,27.3,80,4.6,104,0.0,L
2000-11-30 10:00:00,27.2,68,1.0,68,0.0,L
2000-03-22 18:00:00,27.2,83,1.8,104,0.1,L
2000-11-27 10:00:00,27.2,68,1.0,151,0.0,SE
2000-03-05 12:00:00,27.2,78,2.9,292,2.0,O
2000-11-26 15:00:00,27.2,70,4.9,86,0.0,L
2000-02-05 15:00:00,27.2,82,4.0,183,1.0,S
2000-11-26 14:00:00,27.2,66,3.2,120,0.0,SE
2000-10-01 18:00:00,27.2,66,1.8,92,0.0,L
2000-01-05 19:00:00,27.2,93,3.7,133,1.6,SE
2000-04-04 13:00:00,27.2,73,1.2,81,0.0,L
2000-04-08 16:00:00,27.2,83,4.2,169,0.2,S
2000-03-06 14:00:00,27.2,75,2.4,103,2.5,L
2000-03-17 18:00:00,27.2,82,0.8,328,0.2,NO
2000-04-07 13:00:00,27.2,80,2.2,148,0.1,SE
2000-03-21 11:00:00,27.2,83,1.2,267,0.0,O
2000-05-05 15:00:00,27.2,74,1.7,106,0.1,L
2000-01-01 16:00:00,27.2,76,4.4,95,0.2,L
2000-12-07 16:00:00,27.2,50,4.1,105,0.0,L
2000-01-14 12:00:00,27.2,78,1.6,134,0.1,SE
2000-02-20 11:00:00,27.2,83,0.6,201,0.0,S
2000-02-23 20:00:00,27.2,74,2.7,79,0.0,L
2000-12-14 09:00:00,27.2,89,0.7,309,0.0,NO
2000-09-30 14:00:00,27.2,69,1.4,289,0.0,O
2000-01-01 11:00:00,27.2,71,0.6,271,0.0,O
2000-03-24 16:00:00,27.2,75,1.9,102,0.0,L
2000-05-06 13:00:00,27.2,72,1.3,127,0.0,SE
2000-04-19 17:00:00,27.2,56,1.1,130,0.0,SE
2000-06-05 14:00:00,27.2,62,0.8,355,0.0,N
2000-02-22 18:00:00,27.2,84,3.8,104,0.0,L
2000-03-18 17:00:00,27.2,80,2.0,156,0.6,SE
2000-03-13 10:00:00,27.2,83,0.5,89,0.1,L
2000-01-15 17:00:00,27.2,83,1.2,34,0.0,NE
2000-01-03 15:00:00,27.2,86,3.9,130,1.1,SE
2000-04-04 17:00:00,27.2,74,4.2,93,0.0,L
2000-03-20 15:00:00,27.2,81,2.4,148,0.1,SE
2000-03-20 17:00:00,27.2,82,1.7,145,0.0,SE
2000-05-06 15:00:00,27.2,73,2.7,96,0.0,L
2000-05-26 13:00:00,27.2,66,0.7,325,0.0,NO
2000-11-15 15:00:00,27.2,67,3.6,113,0.0,SE
2000-11-15 13:00:00,27.2,68,2.9,108,0.0,L
2000-11-17 11:00:00,27.2,75,0.9,130,0.0,SE
2000-01-21 09:00:00,27.2,82,0.8,76,0.0,L
2000-11-14 13:00:00,27.2,72,2.7,132,0.1,SE
2000-02-03 12:00:00,27.2,80,2.5,107,0.2,L
2000-01-27 18:00:00,27.2,88,3.1,156,0.7,SE
2000-02-01 08:00:00,27.2,72,2.8,219,0.0,SO
2000-03-27 19:00:00,27.1,86,1.2,145,0.0,SE
2000-03-06 12:00:00,27.1,75,1.0,117,0.9,SE
2000-06-27 15:00:00,27.1,66,2.9,19,0.0,N
2000-11-26 17:00:00,27.1,66,3.0,116,0.0,SE
2000-01-18 01:00:00,27.1,89,1.0,51,0.0,NE
2000-10-09 17:00:00,27.1,74,1.5,109,0.0,L
2000-10-18 11:00:00,27.1,78,0.8,119,0.0,SE
2000-10-02 11:00:00,27.1,74,2.1,183,0.0,S
2000-09-30 15:00:00,27.1,69,1.6,270,0.0,O
2000-04-05 11:00:00,27.1,82,1.3,317,0.0,NO
2000-03-15 11:00:00,27.1,82,2.8,215,0.0,SO
2000-11-17 16:00:00,27.1,73,3.4,112,0.0,L
2000-05-25 14:00:00,27.1,65,1.9,139,0.0,SE
2000-11-29 14:00:00,27.1,71,3.4,104,0.0,L
2000-08-03 14:00:00,27.1,47,3.9,280,0.0,O
2000-02-18 18:00:00,27.1,83,4.2,105,0.0,L
2000-03-12 12:00:00,27.1,81,1.8,145,0.3,SE
2000-02-23 09:00:00,27.1,90,1.2,10,0.0,N
2000-03-02 17:00:00,27.1,80,2.0,101,0.5,L
2000-12-29 19:00:00,27.1,78,1.1,149,0.0,SE
2000-01-19 07:00:00,27.1,85,1.8,220,0.1,SO
2000-12-14 16:00:00,27.1,76,3.7,103,0.0,L
2000-02-09 20:00:00,27.1,85,2.7,123,0.2,SE
2000-02-09 11:00:00,27.1,87,3.0,175,0.5,S
2000-03-22 09:00:00,27.1,98,0.7,189,0.2,S
2000-07-13 16:00:00,27.1,55,1.1,27,0.0,NE
2000-07-24 16:00:00,27.1,63,1.5,53,0.0,NE
2000-02-02 12:00:00,27.1,81,3.2,115,0.1,SE
2000-02-28 17:00:00,27.1,89,3.5,125,0.5,SE
2000-01-01 14:00:00,27.1,74,3.1,136,0.3,SE
2000-11-28 16:00:00,27.1,76,3.8,141,0.0,SE
2000-12-29 07:00:00,27.1,86,0.7,264,0.0,O
2000-12-30 20:00:00,27.1,80,2.6,93,0.0,L
2000-02-12 00:00:00,27.1,83,3.0,331,0.0,NO
2000-03-24 10:00:00,27.0,76,1.0,299,0.0,NO
2000-08-01 13:00:00,27.0,48,1.0,360,0.0,N
2000-02-27 17:00:00,27.0,84,3.0,58,0.9,NE
2000-03-12 09:00:00,27.0,80,0.9,298,0.2,NO
2000-02-02 18:00:00,27.0,81,5.4,115,0.1,SE
2000-01-18 00:00:00,27.0,89,1.0,54,0.0,NE
2000-03-01 11:00:00,27.0,86,0.6,345,0.1,N
